[
  {
    "title": "Butter Chicken",
    "category": ["Main Course", "North Indian", "Non-Vegetarian", "Curry"],
    "time": 45,
    "ingredients": ["500g chicken", "1 cup tomato puree", "1/2 cup cream", "1/4 cup butter", "1 tsp ginger-garlic paste", "1 tsp garam masala", "1 tsp red chili powder", "salt to taste", "1 tbsp kasuri methi"],
    "instructions": "Step 1: Marinate the chicken with ginger-garlic paste, red chili powder, and salt for at least 30 minutes.\nStep 2: In a pan, heat butter and add the tomato puree. Cook for 10 minutes until the oil separates.\nStep 3: Add the marinated chicken and cook until it's tender and fully cooked.\nStep 4: Stir in the cream, garam masala, and crushed kasuri methi.\nStep 5: Simmer for 5 more minutes and serve hot with naan or rice.",
    "coverImage": "butter-chicken.jpg"
  },
  {
    "title": "Filter Coffee",
    "category": ["Beverage", "South Indian", "Vegetarian"],
    "time": 10,
    "ingredients": ["2 tbsp filter coffee powder", "1 cup hot water", "1 cup hot milk", "sugar to taste"],
    "instructions": "Step 1: Add coffee powder to the upper chamber of the coffee filter. Press down gently with the plunger.\nStep 2: Pour hot water over it and cover. Let the coffee decoction drip down to the lower chamber for about 10 minutes.\nStep 3: Pour 1/4 cup of the strong decoction into a tumbler.\nStep 4: Add hot milk and sugar to taste.\nStep 5: Pour back and forth between the tumbler and davara to create a froth. Serve hot.",
    "coverImage": "filter-coffee.jpg"
  },
  {
    "title": "Shahi Paneer",
    "category": ["Main Course", "North Indian", "Vegetarian", "Curry"],
    "time": 40,
    "ingredients": ["250g paneer", "1 cup tomato puree", "1/2 cup cashew paste", "1/4 cup cream", "1 tsp ginger-garlic paste", "1 tsp garam masala", "1/2 tsp turmeric powder", "salt to taste"],
    "instructions": "Step 1: Saute paneer cubes until lightly golden and set aside.\nStep 2: In a pan, heat oil and add ginger-garlic paste, followed by tomato puree and cashew paste. Cook for 10 minutes.\nStep 3: Add turmeric, garam masala, and salt. Cook until the oil separates.\nStep 4: Stir in cream and fried paneer cubes. Simmer for 5 minutes and serve hot.",
    "coverImage": "shahi-paneer.jpg"
  },
  {
    "title": "Dal Makhani",
    "category": ["Main Course", "Punjabi", "Vegetarian", "Lentils"],
    "time": 50,
    "ingredients": ["1 cup whole black lentils (urad dal)", "1/4 cup kidney beans (rajma)", "1 large onion chopped", "2 tomatoes pureed", "1 tbsp ginger-garlic paste", "1/4 cup cream", "2 tbsp butter", "salt to taste"],
    "instructions": "Step 1: Soak lentils and kidney beans overnight. Pressure cook until very soft.\nStep 2: Heat butter in a pan, saute onions until golden. Add ginger-garlic paste and tomato puree. Cook well.\nStep 3: Add the cooked lentils and beans. Mash slightly and simmer for at least 30 minutes.\nStep 4: Stir in cream and serve hot with a dollop of butter.",
    "coverImage": "dal-makhani.jpg"
  },
  {
    "title": "Aloo Gobi",
    "category": ["Main Course", "North Indian", "Vegetarian", "Vegan"],
    "time": 30,
    "ingredients": ["2 medium potatoes cubed", "1 medium cauliflower cut into florets", "1 onion chopped", "1 tomato chopped", "1 tsp cumin seeds", "1/2 tsp turmeric powder", "1 tsp coriander powder", "salt to taste"],
    "instructions": "Step 1: Heat oil in a pan, add cumin seeds. Once they splutter, add onions and cook until translucent.\nStep 2: Add potatoes and cauliflower, saute for 5 minutes.\nStep 3: Add tomatoes, turmeric, coriander powder, and salt. Mix well.\nStep 4: Cover and cook on low heat for 15-20 minutes until the vegetables are tender.",
    "coverImage": "aloo-gobi.jpg"
  },
  {
    "title": "Samosa",
    "category": ["Snack", "Street Food", "Vegetarian"],
    "time": 60,
    "ingredients": ["2 cups all-purpose flour", "4 boiled potatoes mashed", "1/2 cup green peas", "1 tsp cumin seeds", "1 tsp ginger paste", "1/2 tsp garam masala", "oil for deep frying", "salt to taste"],
    "instructions": "Step 1: Make a stiff dough with flour, salt, 4 tbsp oil, and water. Rest for 30 minutes.\nStep 2: For filling, heat oil, add cumin seeds, ginger paste, peas, and mashed potatoes. Add spices and mix well.\nStep 3: Roll out small discs from the dough, cut in half, and form into cones. Stuff with the potato filling and seal the edges.\nStep 4: Deep fry on low-medium heat until golden brown and crisp.",
    "coverImage": "samosa.jpg"
  },
  {
    "title": "Pav Bhaji",
    "category": ["Main Course", "Street Food", "Vegetarian"],
    "time": 45,
    "ingredients": ["8 pav buns", "2 boiled potatoes", "1 cup chopped mixed vegetables (carrots, peas, capsicum)", "2 chopped onions", "2 pureed tomatoes", "2 tbsp pav bhaji masala", "butter", "lemon wedges"],
    "instructions": "Step 1: Boil and mash potatoes and mixed vegetables.\nStep 2: Heat butter in a large pan, saute onions until golden. Add tomato puree and cook.\nStep 3: Add pav bhaji masala and the mashed vegetables. Add water, mash well, and simmer for 15 minutes.\nStep 4: Toast the pav buns with butter on a tawa.\nStep 5: Serve the hot bhaji with pav, chopped onions, and a lemon wedge.",
    "coverImage": "pav-bhaji.jpg"
  },
  {
    "title": "Hyderabadi Chicken Biryani",
    "category": ["Main Course", "Mughlai", "Non-Vegetarian", "Rice Dish"],
    "time": 90,
    "ingredients": ["500g chicken pieces", "2 cups basmati rice soaked", "1 cup yogurt", "2 sliced onions fried crispy", "1 tbsp ginger-garlic paste", "1 tbsp biryani masala", "handful mint leaves", "handful coriander leaves", "a pinch of saffron soaked in milk"],
    "instructions": "Step 1: Marinate chicken with yogurt, ginger-garlic paste, biryani masala, half the fried onions, mint, and coriander. Let it rest for at least 1 hour.\nStep 2: In a large pot, bring water to a boil. Add soaked rice and cook until it is 70% done. Drain the rice and set aside.\nStep 3: In a heavy-bottomed pot, layer the marinated chicken at the bottom.\nStep 4: Spread the partially cooked rice over the chicken. Top with remaining fried onions, mint, coriander, and the saffron-infused milk.\nStep 5: Cover the pot with a tight lid and cook on low heat (dum) for 25-30 minutes. Let it rest for 10 minutes before serving.",
    "coverImage": "hyderabadi-chicken-biryani.jpg"
  },
  {
    "title": "Chole Bhature",
    "category": ["Main Course", "Punjabi", "North Indian", "Vegetarian"],
    "time": 60,
    "ingredients": ["1 cup chickpeas soaked overnight", "2 cups all-purpose flour", "1/4 cup yogurt", "1 chopped onion", "2 pureed tomatoes", "1 tbsp chole masala", "1 tsp ginger-garlic paste", "oil for deep frying", "a pinch of baking soda"],
    "instructions": "Step 1: Pressure cook the soaked chickpeas with salt and a tea bag (for color) until soft.\nStep 2: For bhature, mix flour, yogurt, a pinch of salt, and baking soda. Knead into a soft dough using warm water. Let it rest for 2 hours.\nStep 3: For chole, heat oil, saute onions, add ginger-garlic paste, and then tomato puree. Cook until oil separates.\nStep 4: Add chole masala and cooked chickpeas. Simmer for 15 minutes.\nStep 5: Roll out the dough into oval shapes and deep fry in hot oil until the bhature puff up and turn golden brown. Serve hot with chole.",
    "coverImage": "chole-bhature.jpg"
  },
  {
    "title": "Idli Sambar",
    "category": ["Breakfast", "South Indian", "Vegetarian", "Healthy"],
    "time": 45,
    "ingredients": ["2 cups idli batter", "1/2 cup toor dal", "1 small drumstick cut", "1 small carrot cubed", "1 small onion chopped", "2 tbsp sambar powder", "1 tsp tamarind pulp", "1/2 tsp mustard seeds"],
    "instructions": "Step 1: Grease idli molds and pour batter into each. Steam for 10-12 minutes until cooked.\nStep 2: Pressure cook toor dal with vegetables, turmeric, and water until soft.\nStep 3: In a pan, heat oil, add mustard seeds. Once they splutter, add onions and cook.\nStep 4: Add cooked dal-veg mixture, sambar powder, tamarind pulp, and salt. Bring to a boil and simmer for 10 minutes.\nStep 5: Serve hot idlis with a bowl of sambar.",
    "coverImage": "idli-sambar.jpg"
  },
  {
    "title": "Gulab Jamun",
    "category": ["Dessert", "Sweets", "Vegetarian"],
    "time": 40,
    "ingredients": ["1 cup milk powder", "1/4 cup all-purpose flour", "1/4 tsp baking soda", "2 tbsp ghee", "milk to knead", "1 cup sugar", "1 cup water", "a few cardamom pods"],
    "instructions": "Step 1: For syrup, boil sugar, water, and cardamom until slightly sticky. Keep warm.\nStep 2: Mix milk powder, flour, and baking soda. Rub in the ghee. Knead into a soft, smooth dough using milk.\nStep 3: Make small, crack-free balls from the dough.\nStep 4: Deep fry the balls in ghee or oil on very low heat until golden brown.\nStep 5: Drop the fried jamuns directly into the warm sugar syrup. Let them soak for at least 2 hours.",
    "coverImage": "gulab-jamun.jpg"
  },
  {
    "title": "Dhokla",
    "category": ["Snack", "Gujarati", "Vegetarian", "Steamed"],
    "time": 30,
    "ingredients": ["1 cup gram flour (besan)", "1/2 cup yogurt", "1 tsp ginger-green chili paste", "1 tsp fruit salt (Eno)", "1/2 tsp turmeric", "For tempering: 1 tbsp oil, 1 tsp mustard seeds, a few curry leaves, 2 slit green chilies"],
    "instructions": "Step 1: Make a smooth batter with gram flour, yogurt, turmeric, ginger-chili paste, salt, and water. Let it rest for 15 minutes.\nStep 2: Just before steaming, add fruit salt to the batter and mix gently.\nStep 3: Pour the batter into a greased steaming tray and steam for 15-20 minutes.\nStep 4: Let it cool, then cut into squares.\nStep 5: For tempering, heat oil, add mustard seeds, curry leaves, and green chilies. Pour this over the dhoklas.",
    "coverImage": "dhokla.jpg"
  },
  {
    "title": "Rogan Josh",
    "category": ["Main Course", "Kashmiri", "Non-Vegetarian", "Curry"],
    "time": 75,
    "ingredients": ["500g mutton or lamb", "1/2 cup yogurt", "2 large onions finely sliced", "1 tbsp ginger-garlic paste", "1 tbsp Kashmiri red chili powder", "1 tsp fennel powder", "1/2 tsp dried ginger powder", "whole spices (cloves, cardamom, cinnamon)"],
    "instructions": "Step 1: Heat oil/ghee in a pressure cooker. Fry onions until deep golden brown.\nStep 2: Add the mutton pieces and sear on high heat.\nStep 3: Add ginger-garlic paste and powdered spices. Saute for a few minutes.\nStep 4: Whisk yogurt and add it to the pot, stirring continuously. Add salt and water.\nStep 5: Pressure cook for 20-25 minutes or until the meat is tender.",
    "coverImage": "rogan-josh.jpg"
  },
  {
    "title": "Malai Kofta",
    "category": ["Main Course", "North Indian", "Vegetarian", "Curry"],
    "time": 50,
    "ingredients": ["For Kofta: 200g paneer grated, 2 boiled potatoes mashed, nuts and raisins for stuffing", "For Gravy: 2 onions, 2 tomatoes, 10-12 cashews, 1/4 cup cream, ginger-garlic paste"],
    "instructions": "Step 1: Mix paneer, potatoes, salt, and cornflour. Make balls, stuff with nuts, and deep fry until golden. These are the koftas.\nStep 2: For the gravy, make a paste of boiled onions, tomatoes, and cashews.\nStep 3: Heat oil, saute ginger-garic paste, then add the prepared paste. Cook until oil separates.\nStep 4: Add powdered spices, salt, and water to achieve desired consistency. Simmer for 10 minutes.\nStep 5: Finish the gravy with cream. Place koftas in a serving bowl and pour the hot gravy over them just before serving.",
    "coverImage": "malai-kofta.jpg"
  },
  {
    "title": "Poha",
    "category": ["Breakfast", "Maharashtrian", "Vegetarian", "Snack"],
    "time": 20,
    "ingredients": ["2 cups flattened rice (poha)", "1 onion chopped", "1 potato finely diced", "1/2 tsp mustard seeds", "a handful of peanuts", "1/2 tsp turmeric powder", "lemon juice", "fresh coriander"],
    "instructions": "Step 1: Rinse poha in a strainer and let it sit for 5-10 minutes to soften.\nStep 2: Heat oil, add mustard seeds. When they pop, add peanuts and saute until crunchy. Add onions and potatoes.\nStep 3: Cook until potatoes are tender. Add turmeric powder.\nStep 4: Add the softened poha, salt, and sugar. Mix gently until everything is well combined.\nStep 5: Cover and cook for 2-3 minutes. Squeeze lemon juice and garnish with coriander before serving.",
    "coverImage": "poha.jpg"
  },
  {
    "title": "Jalebi",
    "category": ["Dessert", "Sweets", "Vegetarian", "Street Food"],
    "time": 60,
    "ingredients": ["1 cup all-purpose flour", "1 tbsp gram flour (besan)", "1 tsp yeast", "warm water", "For Syrup: 1 cup sugar, 1/2 cup water, saffron strands", "ghee or oil for frying"],
    "instructions": "Step 1: Make a thick, smooth batter with flour, besan, yeast, and warm water. Let it ferment in a warm place for 1 hour.\nStep 2: Prepare a one-string consistency sugar syrup with sugar, water, and saffron.\nStep 3: Pour the fermented batter into a squeeze bottle or piping bag.\nStep 4: Heat ghee in a flat pan. Squeeze the batter in circular motions to form jalebis.\nStep 5: Fry on medium heat until crisp and golden on both sides. Immediately dip in warm sugar syrup for 30 seconds. Serve hot.",
    "coverImage": "jalebi.jpg"
  },
  {
    "title": "Tandoori Chicken",
    "category": ["Appetizer", "Punjabi", "Non-Vegetarian"],
    "time": 180,
    "ingredients": ["4 large chicken leg pieces", "1 cup thick yogurt", "2 tbsp tandoori masala", "1 tbsp ginger-garlic paste", "1 tbsp lemon juice", "red food color (optional)", "salt to taste"],
    "instructions": "Step 1: Make deep gashes on the chicken pieces. Apply salt, lemon juice, and red chili powder. Set aside for 30 minutes.\nStep 2: Prepare a second marinade with yogurt, ginger-garlic paste, tandoori masala, and food color.\nStep 3: Coat the chicken pieces thoroughly with the yogurt marinade and refrigerate for at least 3-4 hours, or overnight.\nStep 4: Preheat oven to 200°C (400°F). Grill the chicken for 25-30 minutes, turning once, until cooked through and charred in places.\nStep 5: Baste with butter and serve with onion rings and mint chutney.",
    "coverImage": "tandoori-chicken.jpg"
  },
  {
    "title": "Vada Pav",
    "category": ["Snack", "Street Food", "Maharashtrian", "Vegetarian"],
    "time": 45,
    "ingredients": ["8 pav buns", "4 boiled potatoes", "1 cup gram flour (besan)", "1 tsp ginger-chili paste", "1/2 tsp mustard seeds", "turmeric powder", "dry garlic chutney", "oil for deep frying"],
    "instructions": "Step 1: For the vada filling, mash potatoes. Heat oil, add mustard seeds, ginger-chili paste, and turmeric. Add this tempering to the potatoes and mix. Form into balls.\nStep 2: Make a thick batter with gram flour, salt, turmeric, and water.\nStep 3: Dip the potato balls in the batter and deep fry until golden brown.\nStep 4: Slit the pav buns, spread dry garlic chutney inside.\nStep 5: Place a hot vada inside the pav and serve immediately.",
    "coverImage": "vada-pav.jpg"
  },
  {
    "title": "Kheer",
    "category": ["Dessert", "Sweets", "Vegetarian", "Pudding"],
    "time": 50,
    "ingredients": ["1 litre full-fat milk", "1/4 cup basmati rice washed and soaked", "1/2 cup sugar", "1/4 cup mixed nuts (almonds, pistachios)", "1/2 tsp cardamom powder", "a few saffron strands"],
    "instructions": "Step 1: Bring milk to a boil in a heavy-bottomed pan.\nStep 2: Add the soaked rice. Simmer on low heat, stirring frequently, until the rice is cooked and the milk has thickened (about 30-40 minutes).\nStep 3: Add sugar, cardamom powder, and saffron. Cook for another 5-7 minutes until the sugar dissolves.\nStep 4: Garnish with chopped nuts.\nStep 5: Serve warm or chilled.",
    "coverImage": "kheer.jpg"
  },
  {
    "title": "Fish Curry",
    "category": ["Main Course", "Bengali", "Coastal", "Non-Vegetarian"],
    "time": 35,
    "ingredients": ["500g fish fillets (Rohu or Catla)", "2 tbsp mustard oil", "1 tsp mustard seeds", "1 tsp turmeric powder", "1 tsp red chili powder", "2 tbsp mustard paste", "1 tomato chopped", "fresh coriander"],
    "instructions": "Step 1: Marinate the fish pieces with salt and turmeric powder.\nStep 2: Heat mustard oil in a pan until it smokes slightly. Lightly fry the fish pieces on both sides until golden. Set aside.\nStep 3: In the same oil, add mustard seeds. Once they splutter, add the mustard paste, turmeric, and chili powder. Cook for a minute.\nStep 4: Add chopped tomato and cook until soft. Add 1 cup of water and bring to a boil.\nStep 5: Gently slide the fried fish into the gravy. Simmer for 5-7 minutes. Garnish with coriander and serve with steamed rice.",
    "coverImage": "fish-curry.jpg"
  }
]